id,active,created_at,description,detailimg,name,percent,price,review_audio_path,thumbnailimg,views,category_id,sub_category_id
1,1,"2025-07-02 22:59:27.000000","해남산 프리미엄 초당옥수수 10개입",haenam_corn_detail.jpg,"해남 프리미엄 초당옥수수(특품/10개)",35,14800,NULL,haenam_corn_thumb.jpg,0,1,1
2,1,"2025-07-02 22:59:27.000000","우리밀 치즈폭탄 시카고피자 390g",chicago_pizza_detail.jpg,"우리밀 치즈폭탄 시카고피자(390g)",16,9900,NULL,chicago_pizza_thumb.jpg,0,4,7
3,1,"2025-07-02 22:59:27.000000","리코 치즈감자 3종 택1",rico_cheese_potato_detail.jpg,"[특가] 리코 치즈감자 3종 (택1)",36,3480,NULL,rico_cheese_potato_thumb.jpg,0,5,78
4,1,"2025-07-02 22:59:27.000000","오트사이드 프로틴 바닐라맛 250ml",oatside_vanilla_detail.jpg,"오트사이드 프로틴 바닐라맛 (250ml)",26,1850,NULL,oatside_vanilla_thumb.jpg,0,5,82
5,1,"2025-07-02 22:59:27.000000","한우 국거리용 토막 500g",beef_chunk_detail.jpg,"한우 국거리용 토막(500g)",27,17980,NULL,beef_chunk_thumb.jpg,0,2,38
6,1,"2025-07-02 22:59:27.000000","한우 국거리용 덩어리 500g",beef_block_detail.jpg,"한우 국거리용 덩어리(500g)",27,17980,NULL,beef_block_thumb.jpg,0,2,38
7,1,"2025-07-02 22:59:27.000000","존쿡델리미트 사각 잠봉 400g",johncook_jambon_detail.jpg,"[존쿡델리미트] 사각 잠봉(400g)",45,6800,NULL,johncook_jambon_thumb.jpg,0,2,45
8,1,"2025-07-02 22:59:27.000000","유기농 NFC 푸룬스틱 20gX14입",prune_stick_detail.jpg,"맑은농장 유기농 NFC 푸룬스틱 (20gX14입)",43,7790,NULL,prune_stick_thumb.jpg,0,1,2
9,1,"2025-07-02 22:59:27.000000","베지밀 국산 검은콩두유 16팩",vegemil_blackbean_detail.jpg,"[입점특가] 베지밀 국산 검은콩두유(190ml x 16팩)",30,11900,NULL,vegemil_blackbean_thumb.jpg,0,5,82
10,1,"2025-07-02 22:59:27.000000","100% 땅콩 스프레드 스틱",peanut_spread_detail.jpg,"[입점특가] 100% 땅콩 스프레드 스틱(20g x 14포)",38,12200,NULL,peanut_spread_thumb.jpg,0,5,11
11,1,"2025-07-02 22:59:27.000000","오트사이드 프로틴 초콜릿맛 250ml",oatside_choco_detail.jpg,"오트사이드 프로틴 초콜릿맛 (250ml)",28,1790,NULL,oatside_choco_thumb.jpg,0,5,82
12,1,"2025-07-02 22:59:27.000000","더 부드러운 꿀버터 식빵 380g",honey_butter_bread_detail.jpg,"[입점특가] 더 부드러운 꿀버터 식빵(380g)",29,4800,NULL,honey_butter_bread_thumb.jpg,0,5,8
13,1,"2025-07-02 22:59:27.000000","제주자연방사 유정란 계란 장인 10구",egg_jeju_detail.jpg,"제주자연방사 유정란 계란 장인(10구)",47,8600,NULL,egg_jeju_thumb.jpg,0,2,34
14,1,"2025-07-02 22:59:27.000000","한우 불고기용 500g",beef_bulgogi_detail.jpg,"한우 불고기용(500g)",27,17980,NULL,beef_bulgogi_thumb.jpg,0,2,38
15,1,"2025-07-02 22:59:27.000000","제주 하우스 감귤 1kg이상",jeju_mandarin_detail.jpg,"제주 하우스 감귤 (1kg이상/L 단일사이즈)",26,12500,NULL,jeju_mandarin_thumb.jpg,0,1,2
16,1,"2025-07-02 22:59:27.000000","제주 무항생제우유 115mlx24입",jeju_milk_detail.jpg,"[입점 특가] 제주 무항생제우유 (115mlx24입)",39,14900,NULL,jeju_milk_thumb.jpg,0,5,83
17,1,"2025-07-02 22:59:27.000000","국산원유 무가당 플레인 요거트 970ml",plain_yogurt_detail.jpg,"[입점특가] 국산원유로 만든 무가당 플레인 요거트 (970ml)",41,4980,NULL,plain_yogurt_thumb.jpg,0,5,83
18,1,"2025-07-02 22:59:27.000000","유기농 감자전분 500g",potato_starch_detail.jpg,"[입점특가] 유기농 감자전분 (500g)",46,5580,NULL,potato_starch_thumb.jpg,0,1,1
19,1,"2025-07-02 22:59:27.000000","국산원유 무가당 플레인 요거트 1.8L",plain_yogurt18_detail.jpg,"[입점특가] 국산원유로 만든 무가당 플레인 요거트 (1.8L)",35,6800,NULL,plain_yogurt18_thumb.jpg,0,5,83
20,1,"2025-07-02 22:59:27.000000","리코타치즈 발사믹 샐러드 200g",ricotta_salad_detail.jpg,"리코타치즈 발사믹 샐러드 (200g)",29,3990,NULL,ricotta_salad_thumb.jpg,0,1,1
21,1,"2025-07-02 22:59:27.000000","닭가슴살 발사믹 샐러드 200g",chicken_salad_detail.jpg,"[마감특가] 닭가슴살 발사믹 샐러드(200g)",31,3890,NULL,chicken_salad_thumb.jpg,0,1,1
22,1,"2025-07-02 22:59:27.000000","저당 파인트 아이스크림 474ml",my_normal_ice_detail.jpg,"마이노멀 저당 파인트 아이스크림 (그린티/바닐라/초콜릿 474ml)",29,7880,NULL,my_normal_ice_thumb.jpg,0,5,14
23,1,"2025-07-02 22:59:27.000000","무지개 망고 700g내외",rainbow_mango_detail.jpg,"무지개 망고(700g내외/2입)",38,7400,NULL,rainbow_mango_thumb.jpg,0,1,2
24,1,"2025-07-02 22:59:27.000000","지리산 흑돈 양념구이 300g",blackpork_yang_detail.jpg,"지리산 흑돈 양념구이 (300g)",36,3800,NULL,blackpork_yang_thumb.jpg,0,2,47
25,1,"2025-07-02 22:59:27.000000","간소 손모아 때장갑 2개입",gloves_detail.jpg,"간소 손모아 때장갑 1켤레(2개입)",28,7800,NULL,gloves_thumb.jpg,0,5,16
26,1,"2025-07-02 22:59:27.000000","지리산 흑돈 떡갈비 200g",blackpork_tteokgalbi_detail.jpg,"지리산 흑돈 떡갈비 (200g)",25,3600,NULL,blackpork_tteokgalbi_thumb.jpg,0,2,47
27,1,"2025-07-02 22:59:27.000000","소백산 풍기 수삼 150g",sam_detail.jpg,"[시즌특가] 소백산 풍기 수삼 (150g)",31,11500,NULL,sam_thumb.jpg,0,1,57
28,1,"2025-07-02 22:59:27.000000","연어&광어회 200g",salmon_halibut_sashimi_detail.jpg,연어&광어회(200g),30,13800,NULL,salmon_halibut_sashimi_thumb.jpg,0,3,65
29,1,"2025-07-02 22:59:27.000000","대광어회 200g",big_halibut_sashimi_detail.jpg,대광어회(200g),20,15800,NULL,big_halibut_sashimi_thumb.jpg,0,3,64
30,1,"2025-07-02 22:59:27.000000","커피빈 카페라떼 파우치 10팩",coffeebean_latte_detail.jpg,"커피빈 카페라떼 파우치(190mLX10P)",32,12900,NULL,coffeebean_latte_thumb.jpg,0,5,50
31,1,"2025-07-02 22:59:27.000000","생연어회 200g",raw_salmon_sashimi_detail.jpg,생연어회(200g),30,13800,NULL,raw_salmon_sashimi_thumb.jpg,0,3,65
32,1,"2025-07-02 22:59:27.000000","수제 감자빵 100gx6개입",potato_bread_detail.jpg,"[입점특가] 수제 감자빵 1박스(100gx6개입)",37,14900,NULL,potato_bread_thumb.jpg,0,5,8
33,1,"2025-07-02 22:59:27.000000","인쉘 마카다미아 310g",macadamia_detail.jpg,"인쉘 마카다미아(310g)",25,8900,NULL,macadamia_thumb.jpg,0,5,11
34,1,"2025-07-02 22:59:27.000000","그릭요거트 블루베리 콩포트 130g",greek_yogurt_blueberry_detail.jpg,"[입점특가] 요즘 그릭요거트 블루베리 콩포트 (130g)",20,4800,NULL,greek_yogurt_blueberry_thumb.jpg,0,5,83
35,1,"2025-07-02 22:59:27.000000","우리쌀 마들렌 단호박 3입",madeline_pumpkin_detail.jpg,"우리쌀 마들렌 단호박 (21gx3입, DMZ미술관빵)",44,3800,NULL,madeline_pumpkin_thumb.jpg,0,5,8
36,1,"2025-07-02 22:59:27.000000","우리쌀 마들렌 말차 3입",madeline_matcha_detail.jpg,"우리쌀 마들렌 말차 (21gx3입, DMZ미술관빵)",44,3800,NULL,madeline_matcha_thumb.jpg,0,5,8
37,1,"2025-07-02 22:59:27.000000","그릭요거트 플레인/소프트/알룰로스 100g",greek_yogurt_plain_detail.jpg,"[입점특가] 요즘 그릭요거트 플레인/소프트/알룰로스 (각 100g)",22,3500,NULL,greek_yogurt_plain_thumb.jpg,0,5,83
38,1,"2025-07-02 22:59:27.000000","림미 레몬쥬스 500ml",limmi_lemon_detail.jpg,"[입점특가] 림미 레몬쥬스(500ml)",21,5900,NULL,limmi_lemon_thumb.jpg,0,5,15
39,1,"2025-07-02 22:59:27.000000","남도명품 포기김치 2kg",korean_kimchi_detail.jpg,"[오늘담근] 남도명품 포기김치(2kg)",42,11500,NULL,korean_kimchi_thumb.jpg,0,4,6
40,1,"2025-07-02 22:59:27.000000","우리 콩 간장 국내산 깐새우장 500g",shrimp_jiang_detail.jpg,"우리 콩 간장 국내산 깐새우장 500g",27,19090,NULL,shrimp_jiang_thumb.jpg,0,3,68
41,1,"2025-07-02 22:59:27.000000","귀리불고기 샐러드 215g",oat_bulgogi_salad_detail.jpg,"[샐러드판다] 귀리불고기 샐러드(215g)",26,6500,NULL,oat_bulgogi_salad_thumb.jpg,0,1,1
42,1,"2025-07-02 22:59:27.000000","GAP 황귀비유도 복숭아 500g",gap_peach_detail.jpg,"GAP 황귀비유도 복숭아(500g)",33,5500,NULL,gap_peach_thumb.jpg,0,1,2
43,1,"2025-07-02 22:59:27.000000","칼국수 마늘 겉절이 2kg",garlic_kimchi_detail.jpg,"[오늘담근] 칼국수 마늘 겉절이(2kg)",33,13900,NULL,garlic_kimchi_thumb.jpg,0,4,6
44,1,"2025-07-02 22:59:27.000000","아임리얼 토마토 700ml",imreal_tomato_detail.jpg,"아임리얼 토마토 (700ml)",9,9980,NULL,imreal_tomato_thumb.jpg,0,5,15
45,1,"2025-07-02 22:59:27.000000","동물복지 한돈 제육볶음 500g",pork_stirfry_detail.jpg,"동물복지 한돈 제육볶음(500g) l 하이포크",40,8800,NULL,pork_stirfry_thumb.jpg,0,2,39
46,1,"2025-07-02 22:59:27.000000","슈퍼너츠 100% 피넛버터 스무스 460g",peanutbutter_smooth_detail.jpg,"슈퍼너츠 100% 피넛버터 스무스(460g)",10,14400,NULL,peanutbutter_smooth_thumb.jpg,0,5,11
47,1,"2025-07-02 22:59:27.000000","슈퍼너츠 100% 피넛버터 크런치 460g",peanutbutter_crunch_detail.jpg,"슈퍼너츠 100% 피넛버터 크런치(460g)",10,14400,NULL,peanutbutter_crunch_thumb.jpg,0,5,11
48,1,"2025-07-02 22:59:27.000000","동물복지 한돈 돼지불백 500g",pork_bulbaek_detail.jpg,"동물복지 한돈 돼지불백(500g) l 하이포크",33,9900,NULL,pork_bulbaek_thumb.jpg,0,2,39
49,1,"2025-07-02 22:59:27.000000","국산 100% 찹쌀가루 400g",glutinous_rice_powder_detail.jpg,"국산 100% 찹쌀가루(400g)",29,3900,NULL,glutinous_rice_powder_thumb.jpg,0,1,10
50,1,"2025-07-02 22:59:27.000000","오뚜기밥 흰밥 210g x 12개",ottogi_rice_detail.jpg,"오뚜기밥 흰밥(박스 | 210g x 12개)",19,13200,NULL,ottogi_rice_thumb.jpg,0,4,10
51,1,"2025-07-02 22:59:27.000000","아삭한 알배기샐러드 150g",babycabbage_salad_detail.jpg,"아삭한 알배기샐러드(150g)",14,3290,NULL,babycabbage_salad_thumb.jpg,0,1,1
52,1,"2025-07-02 22:59:27.000000","유기농 미니로메인 170g",mini_romaine_detail.jpg,"유기농 미니로메인 (170g 내외)",34,2950,NULL,mini_romaine_thumb.jpg,0,1,1
53,1,"2025-07-02 22:59:27.000000","유기농 버터헤드 170g",butterhead_detail.jpg,"유기농 버터헤드 (170g 내외)",31,3100,NULL,butterhead_thumb.jpg,0,1,1
54,1,"2025-07-02 22:59:27.000000","유기농 카이피라 170g",kaipira_detail.jpg,"유기농 카이피라 (170g 내외)",34,2950,NULL,kaipira_thumb.jpg,0,1,1
55,1,"2025-07-02 22:59:27.000000","유기농 유러피안 채소 모듬 1kg",european_vege_mix_detail.jpg,"유기농 유러피안 채소 모듬 (4종, 1kg 내외)",51,12500,NULL,european_vege_mix_thumb.jpg,0,1,1
56,1,"2025-07-02 22:59:27.000000","제스프리 골드키위 1.7kg",gold_kiwi_detail.jpg,"제스프리 골드키위(1.7kg 13-17입 중대과)",20,18900,NULL,gold_kiwi_thumb.jpg,0,1,2
57,1,"2025-07-02 22:59:27.000000","바르다 한우 핫도그 770g",hanwoo_hotdog_detail.jpg,"바르다 한우 핫도그(770g,110gx7개)",28,16900,NULL,hanwoo_hotdog_thumb.jpg,0,5,8
58,1,"2025-07-02 22:59:27.000000","유기농 프릴아이스 170g",frill_ice_detail.jpg,"유기농 프릴아이스 (170g 내외)",34,2950,NULL,frill_ice_thumb.jpg,0,1,1
59,1,"2025-07-02 22:59:27.000000","GAP 머스크멜론 2kg",musk_melon2_detail.jpg,"GAP 머스크멜론(2kg)",29,12000,NULL,musk_melon2_thumb.jpg,0,1,2
60,1,"2025-07-02 22:59:27.000000","GAP 머스크멜론 1.6kg",musk_melon16_detail.jpg,"GAP 머스크멜론(1.6kg)",30,10500,NULL,musk_melon16_thumb.jpg,0,1,2
61,1,"2025-07-04 22:39:26.000000","해남산 프리미엄 초당옥수수 10개입",haenam_corn_detail.jpg,"해남 프리미엄 초당옥수수(특품/10개)",35,14800,NULL,haenam_corn_thumb.jpg,0,1,1
62,1,"2025-07-04 22:39:26.000000","우리밀 치즈폭탄 시카고피자 390g",chicago_pizza_detail.jpg,"우리밀 치즈폭탄 시카고피자(390g)",16,9900,NULL,chicago_pizza_thumb.jpg,0,4,7
63,1,"2025-07-04 22:39:26.000000","리코 치즈감자 3종 택1",rico_cheese_potato_detail.jpg,"[특가] 리코 치즈감자 3종 (택1)",36,3480,NULL,rico_cheese_potato_thumb.jpg,0,5,78
64,1,"2025-07-04 22:39:26.000000","오트사이드 프로틴 바닐라맛 250ml",oatside_vanilla_detail.jpg,"오트사이드 프로틴 바닐라맛 (250ml)",26,1850,NULL,oatside_vanilla_thumb.jpg,0,5,82
65,1,"2025-07-04 22:39:26.000000","한우 국거리용 토막 500g",beef_chunk_detail.jpg,"한우 국거리용 토막(500g)",27,17980,NULL,beef_chunk_thumb.jpg,0,2,38
66,1,"2025-07-04 22:39:26.000000","한우 국거리용 덩어리 500g",beef_block_detail.jpg,"한우 국거리용 덩어리(500g)",27,17980,NULL,beef_block_thumb.jpg,0,2,38
67,1,"2025-07-04 22:39:26.000000","존쿡델리미트 사각 잠봉 400g",johncook_jambon_detail.jpg,"[존쿡델리미트] 사각 잠봉(400g)",45,6800,NULL,johncook_jambon_thumb.jpg,0,2,45
68,1,"2025-07-04 22:39:26.000000","유기농 NFC 푸룬스틱 20gX14입",prune_stick_detail.jpg,"맑은농장 유기농 NFC 푸룬스틱 (20gX14입)",43,7790,NULL,prune_stick_thumb.jpg,0,1,2
69,1,"2025-07-04 22:39:26.000000","베지밀 국산 검은콩두유 16팩",vegemil_blackbean_detail.jpg,"[입점특가] 베지밀 국산 검은콩두유(190ml x 16팩)",30,11900,NULL,vegemil_blackbean_thumb.jpg,0,5,82
70,1,"2025-07-04 22:39:26.000000","100% 땅콩 스프레드 스틱",peanut_spread_detail.jpg,"[입점특가] 100% 땅콩 스프레드 스틱(20g x 14포)",38,12200,NULL,peanut_spread_thumb.jpg,0,5,11
71,1,"2025-07-04 22:39:26.000000","오트사이드 프로틴 초콜릿맛 250ml",oatside_choco_detail.jpg,"오트사이드 프로틴 초콜릿맛 (250ml)",28,1790,NULL,oatside_choco_thumb.jpg,0,5,82
72,1,"2025-07-04 22:39:26.000000","더 부드러운 꿀버터 식빵 380g",honey_butter_bread_detail.jpg,"[입점특가] 더 부드러운 꿀버터 식빵(380g)",29,4800,NULL,honey_butter_bread_thumb.jpg,0,5,8
73,1,"2025-07-04 22:39:26.000000","제주자연방사 유정란 계란 장인 10구",egg_jeju_detail.jpg,"제주자연방사 유정란 계란 장인(10구)",47,8600,NULL,egg_jeju_thumb.jpg,0,2,34
74,1,"2025-07-04 22:39:26.000000","한우 불고기용 500g",beef_bulgogi_detail.jpg,"한우 불고기용(500g)",27,17980,NULL,beef_bulgogi_thumb.jpg,0,2,38
75,1,"2025-07-04 22:39:26.000000","제주 하우스 감귤 1kg이상",jeju_mandarin_detail.jpg,"제주 하우스 감귤 (1kg이상/L 단일사이즈)",26,12500,NULL,jeju_mandarin_thumb.jpg,0,1,2
76,1,"2025-07-04 22:39:26.000000","제주 무항생제우유 115mlx24입",jeju_milk_detail.jpg,"[입점 특가] 제주 무항생제우유 (115mlx24입)",39,14900,NULL,jeju_milk_thumb.jpg,0,5,83
77,1,"2025-07-04 22:39:26.000000","국산원유 무가당 플레인 요거트 970ml",plain_yogurt_detail.jpg,"[입점특가] 국산원유로 만든 무가당 플레인 요거트 (970ml)",41,4980,NULL,plain_yogurt_thumb.jpg,0,5,83
78,1,"2025-07-04 22:39:26.000000","유기농 감자전분 500g",potato_starch_detail.jpg,"[입점특가] 유기농 감자전분 (500g)",46,5580,NULL,potato_starch_thumb.jpg,0,1,1
79,1,"2025-07-04 22:39:26.000000","국산원유 무가당 플레인 요거트 1.8L",plain_yogurt18_detail.jpg,"[입점특가] 국산원유로 만든 무가당 플레인 요거트 (1.8L)",35,6800,NULL,plain_yogurt18_thumb.jpg,0,5,83
80,1,"2025-07-04 22:39:26.000000","리코타치즈 발사믹 샐러드 200g",ricotta_salad_detail.jpg,"리코타치즈 발사믹 샐러드 (200g)",29,3990,NULL,ricotta_salad_thumb.jpg,0,1,1
81,1,"2025-07-04 22:39:26.000000","닭가슴살 발사믹 샐러드 200g",chicken_salad_detail.jpg,"[마감특가] 닭가슴살 발사믹 샐러드(200g)",31,3890,NULL,chicken_salad_thumb.jpg,0,1,1
82,1,"2025-07-04 22:39:26.000000","저당 파인트 아이스크림 474ml",my_normal_ice_detail.jpg,"마이노멀 저당 파인트 아이스크림 (그린티/바닐라/초콜릿 474ml)",29,7880,NULL,my_normal_ice_thumb.jpg,0,5,14
83,1,"2025-07-04 22:39:26.000000","무지개 망고 700g내외",rainbow_mango_detail.jpg,"무지개 망고(700g내외/2입)",38,7400,NULL,rainbow_mango_thumb.jpg,0,1,2
84,1,"2025-07-04 22:39:26.000000","지리산 흑돈 양념구이 300g",blackpork_yang_detail.jpg,"지리산 흑돈 양념구이 (300g)",36,3800,NULL,blackpork_yang_thumb.jpg,0,2,47
85,1,"2025-07-04 22:39:26.000000","간소 손모아 때장갑 2개입",gloves_detail.jpg,"간소 손모아 때장갑 1켤레(2개입)",28,7800,NULL,gloves_thumb.jpg,0,5,16
86,1,"2025-07-04 22:39:26.000000","지리산 흑돈 떡갈비 200g",blackpork_tteokgalbi_detail.jpg,"지리산 흑돈 떡갈비 (200g)",25,3600,NULL,blackpork_tteokgalbi_thumb.jpg,0,2,47
87,1,"2025-07-04 22:39:26.000000","소백산 풍기 수삼 150g",sam_detail.jpg,"[시즌특가] 소백산 풍기 수삼 (150g)",31,11500,NULL,sam_thumb.jpg,0,1,57
88,1,"2025-07-04 22:39:26.000000","연어&광어회 200g",salmon_halibut_sashimi_detail.jpg,연어&광어회(200g),30,13800,NULL,salmon_halibut_sashimi_thumb.jpg,0,3,65
89,1,"2025-07-04 22:39:26.000000","대광어회 200g",big_halibut_sashimi_detail.jpg,대광어회(200g),20,15800,NULL,big_halibut_sashimi_thumb.jpg,0,3,64
90,1,"2025-07-04 22:39:26.000000","커피빈 카페라떼 파우치 10팩",coffeebean_latte_detail.jpg,"커피빈 카페라떼 파우치(190mLX10P)",32,12900,NULL,coffeebean_latte_thumb.jpg,0,5,50
91,1,"2025-07-04 22:39:26.000000","생연어회 200g",raw_salmon_sashimi_detail.jpg,생연어회(200g),30,13800,NULL,raw_salmon_sashimi_thumb.jpg,0,3,65
92,1,"2025-07-04 22:39:26.000000","수제 감자빵 100gx6개입",potato_bread_detail.jpg,"[입점특가] 수제 감자빵 1박스(100gx6개입)",37,14900,NULL,potato_bread_thumb.jpg,0,5,8
93,1,"2025-07-04 22:39:26.000000","인쉘 마카다미아 310g",macadamia_detail.jpg,"인쉘 마카다미아(310g)",25,8900,NULL,macadamia_thumb.jpg,0,5,11
94,1,"2025-07-04 22:39:26.000000","그릭요거트 블루베리 콩포트 130g",greek_yogurt_blueberry_detail.jpg,"[입점특가] 요즘 그릭요거트 블루베리 콩포트 (130g)",20,4800,NULL,greek_yogurt_blueberry_thumb.jpg,0,5,83
95,1,"2025-07-04 22:39:26.000000","우리쌀 마들렌 단호박 3입",madeline_pumpkin_detail.jpg,"우리쌀 마들렌 단호박 (21gx3입, DMZ미술관빵)",44,3800,NULL,madeline_pumpkin_thumb.jpg,0,5,8
96,1,"2025-07-04 22:39:26.000000","우리쌀 마들렌 말차 3입",madeline_matcha_detail.jpg,"우리쌀 마들렌 말차 (21gx3입, DMZ미술관빵)",44,3800,NULL,madeline_matcha_thumb.jpg,0,5,8
97,1,"2025-07-04 22:39:26.000000","그릭요거트 플레인/소프트/알룰로스 100g",greek_yogurt_plain_detail.jpg,"[입점특가] 요즘 그릭요거트 플레인/소프트/알룰로스 (각 100g)",22,3500,NULL,greek_yogurt_plain_thumb.jpg,0,5,83
98,1,"2025-07-04 22:39:26.000000","림미 레몬쥬스 500ml",limmi_lemon_detail.jpg,"[입점특가] 림미 레몬쥬스(500ml)",21,5900,NULL,limmi_lemon_thumb.jpg,0,5,15
99,1,"2025-07-04 22:39:26.000000","남도명품 포기김치 2kg",korean_kimchi_detail.jpg,"[오늘담근] 남도명품 포기김치(2kg)",42,11500,NULL,korean_kimchi_thumb.jpg,0,4,6
100,1,"2025-07-04 22:39:26.000000","우리 콩 간장 국내산 깐새우장 500g",shrimp_jiang_detail.jpg,"우리 콩 간장 국내산 깐새우장 500g",27,19090,NULL,shrimp_jiang_thumb.jpg,0,3,68
101,1,"2025-07-04 22:39:26.000000","귀리불고기 샐러드 215g",oat_bulgogi_salad_detail.jpg,"[샐러드판다] 귀리불고기 샐러드(215g)",26,6500,NULL,oat_bulgogi_salad_thumb.jpg,0,1,1
102,1,"2025-07-04 22:39:26.000000","GAP 황귀비유도 복숭아 500g",gap_peach_detail.jpg,"GAP 황귀비유도 복숭아(500g)",33,5500,NULL,gap_peach_thumb.jpg,0,1,2
103,1,"2025-07-04 22:39:26.000000","칼국수 마늘 겉절이 2kg",garlic_kimchi_detail.jpg,"[오늘담근] 칼국수 마늘 겉절이(2kg)",33,13900,NULL,garlic_kimchi_thumb.jpg,0,4,6
104,1,"2025-07-04 22:39:26.000000","아임리얼 토마토 700ml",imreal_tomato_detail.jpg,"아임리얼 토마토 (700ml)",9,9980,NULL,imreal_tomato_thumb.jpg,0,5,15
105,1,"2025-07-04 22:39:26.000000","동물복지 한돈 제육볶음 500g",pork_stirfry_detail.jpg,"동물복지 한돈 제육볶음(500g) l 하이포크",40,8800,NULL,pork_stirfry_thumb.jpg,0,2,39
106,1,"2025-07-04 22:39:26.000000","슈퍼너츠 100% 피넛버터 스무스 460g",peanutbutter_smooth_detail.jpg,"슈퍼너츠 100% 피넛버터 스무스(460g)",10,14400,NULL,peanutbutter_smooth_thumb.jpg,0,5,11
107,1,"2025-07-04 22:39:26.000000","슈퍼너츠 100% 피넛버터 크런치 460g",peanutbutter_crunch_detail.jpg,"슈퍼너츠 100% 피넛버터 크런치(460g)",10,14400,NULL,peanutbutter_crunch_thumb.jpg,0,5,11
108,1,"2025-07-04 22:39:26.000000","동물복지 한돈 돼지불백 500g",pork_bulbaek_detail.jpg,"동물복지 한돈 돼지불백(500g) l 하이포크",33,9900,NULL,pork_bulbaek_thumb.jpg,0,2,39
109,1,"2025-07-04 22:39:26.000000","국산 100% 찹쌀가루 400g",glutinous_rice_powder_detail.jpg,"국산 100% 찹쌀가루(400g)",29,3900,NULL,glutinous_rice_powder_thumb.jpg,0,1,10
110,1,"2025-07-04 22:39:26.000000","오뚜기밥 흰밥 210g x 12개",ottogi_rice_detail.jpg,"오뚜기밥 흰밥(박스 | 210g x 12개)",19,13200,NULL,ottogi_rice_thumb.jpg,0,4,10
111,1,"2025-07-04 22:39:26.000000","아삭한 알배기샐러드 150g",babycabbage_salad_detail.jpg,"아삭한 알배기샐러드(150g)",14,3290,NULL,babycabbage_salad_thumb.jpg,0,1,1
112,1,"2025-07-04 22:39:26.000000","유기농 미니로메인 170g",mini_romaine_detail.jpg,"유기농 미니로메인 (170g 내외)",34,2950,NULL,mini_romaine_thumb.jpg,0,1,1
113,1,"2025-07-04 22:39:26.000000","유기농 버터헤드 170g",butterhead_detail.jpg,"유기농 버터헤드 (170g 내외)",31,3100,NULL,butterhead_thumb.jpg,0,1,1
114,1,"2025-07-04 22:39:26.000000","유기농 카이피라 170g",kaipira_detail.jpg,"유기농 카이피라 (170g 내외)",34,2950,NULL,kaipira_thumb.jpg,0,1,1
115,1,"2025-07-04 22:39:26.000000","유기농 유러피안 채소 모듬 1kg",european_vege_mix_detail.jpg,"유기농 유러피안 채소 모듬 (4종, 1kg 내외)",51,12500,NULL,european_vege_mix_thumb.jpg,0,1,1
116,1,"2025-07-04 22:39:26.000000","제스프리 골드키위 1.7kg",gold_kiwi_detail.jpg,"제스프리 골드키위(1.7kg 13-17입 중대과)",20,18900,NULL,gold_kiwi_thumb.jpg,0,1,2
117,1,"2025-07-04 22:39:26.000000","바르다 한우 핫도그 770g",hanwoo_hotdog_detail.jpg,"바르다 한우 핫도그(770g,110gx7개)",28,16900,NULL,hanwoo_hotdog_thumb.jpg,0,5,8
118,1,"2025-07-04 22:39:26.000000","유기농 프릴아이스 170g",frill_ice_detail.jpg,"유기농 프릴아이스 (170g 내외)",34,2950,NULL,frill_ice_thumb.jpg,0,1,1
119,1,"2025-07-04 22:39:26.000000","GAP 머스크멜론 2kg",musk_melon2_detail.jpg,"GAP 머스크멜론(2kg)",29,12000,NULL,musk_melon2_thumb.jpg,0,1,2
120,1,"2025-07-04 22:39:26.000000","GAP 머스크멜론 1.6kg",musk_melon16_detail.jpg,"GAP 머스크멜론(1.6kg)",30,10500,NULL,musk_melon16_thumb.jpg,0,1,2
121,1,"2025-07-04 22:56:33.000000",,egg_quail_450g_detail.jpg,"깐 메추리알(450g)",10,7980,NULL,egg_quail_450g_thumb.jpg,0,2,34
122,1,"2025-07-04 22:56:33.000000",,egg_halfboiled_10_detail.jpg,"동물복지 유정 반숙란 10구",22,6950,NULL,egg_halfboiled_10_thumb.jpg,0,2,34
123,1,"2025-07-04 22:56:33.000000",,egg_free_10_detail.jpg,"완전방사 동물복지 유정란 (10구)",30,4300,NULL,egg_free_10_thumb.jpg,0,2,34
124,1,"2025-07-04 22:56:33.000000",,egg_quail_270g_detail.jpg,"신선한 깐메추리알(270g)",20,3840,NULL,egg_quail_270g_thumb.jpg,0,2,34
125,1,"2025-07-04 22:56:33.000000",,egg_baked_6_detail.jpg,"동물복지 구운 유정란 6구(258g이상)",24,3800,NULL,egg_baked_6_thumb.jpg,0,2,34
126,1,"2025-07-04 22:56:33.000000",,egg_baked_4_detail.jpg,"동물복지 구운 유정란 4구(172g이상)",32,2900,NULL,egg_baked_4_thumb.jpg,0,2,34
127,1,"2025-07-04 22:56:33.000000",,egg_nongmo_2_detail.jpg,"NON-GMO 동물복지 유정란(난각번호2번)",21,5300,NULL,egg_nongmo_2_thumb.jpg,0,2,34
128,1,"2025-07-04 22:56:33.000000",,egg_baked_20_detail.jpg,"동물복지 구운 유정란 20구(860g이상)",22,10100,NULL,egg_baked_20_thumb.jpg,0,2,34
129,1,"2025-07-04 22:56:33.000000",,beef_fresh_loin_200g_detail.jpg,"무항생제 신선한우 등심 (구이용, 200g)",36,22900,NULL,beef_fresh_loin_200g_thumb.jpg,0,2,36
130,1,"2025-07-04 22:56:33.000000",,beef_fresh_striploin_200g_detail.jpg,"무항생제 신선한우 채끝 (스테이크용, 200g)",35,26900,NULL,beef_fresh_striploin_200g_thumb.jpg,0,2,36
131,1,"2025-07-04 22:56:33.000000",,beef_fresh_soupmeat_300g_detail.jpg,"무항생제 신선한우 국거리 (300g)",26,14900,NULL,beef_fresh_soupmeat_300g_thumb.jpg,0,2,36
132,1,"2025-07-04 22:56:33.000000",,beef_fresh_bulgogi_300g_detail.jpg,"1등급이상 무항생제 한우 불고기용 (300g/냉장)",39,12800,NULL,beef_fresh_bulgogi_300g_thumb.jpg,0,2,36
133,1,"2025-07-04 22:56:33.000000",,beef_fresh_tenderloin_200g_detail.jpg,"무항생제 신선한우 안심 (스테이크용, 200g)",10,41900,NULL,beef_fresh_tenderloin_200g_thumb.jpg,0,2,36
134,1,"2025-07-04 22:56:33.000000",,beef_fresh_groundround_1kg_detail.jpg,"무항생제 한우 우둔 다짐육(1kg)",46,41000,NULL,beef_fresh_groundround_1kg_thumb.jpg,0,2,36
135,1,"2025-07-04 22:56:33.000000",,beef_fresh_loin_300g_detail.jpg,"무항생제 한우 등심 구이용(300g)",25,33800,NULL,beef_fresh_loin_300g_thumb.jpg,0,2,36
136,1,"2025-07-04 22:56:33.000000",,beef_fresh_chuckflap_200g_detail.jpg,"무항생제 신선한우 부채살 (구이용, 200g)",18,29900,NULL,beef_fresh_chuckflap_200g_thumb.jpg,0,2,36
137,1,"2025-07-04 22:56:33.000000",,pork_fresh_belly_1kg_detail.jpg,"무항생제 한돈 삼겹살(수육용, 1kg)｜목우촌",21,33800,NULL,pork_fresh_belly_1kg_thumb.jpg,0,2,37
138,1,"2025-07-04 22:56:33.000000",,pork_fresh_jowl_500g_detail.jpg,"무항생제 한돈 통항정살 구이/수육용(500g)",2,32000,NULL,pork_fresh_jowl_500g_thumb.jpg,0,2,37
139,1,"2025-07-04 22:56:33.000000",,pork_fresh_belly_ourfarm_1kg_detail.jpg,"무항생제 우리한돈 삼겹살(수육용/1kg)ㅣ우리농장",14,28800,NULL,pork_fresh_belly_ourfarm_1kg_thumb.jpg,0,2,37
140,1,"2025-07-04 22:56:33.000000",,pork_fresh_steamedribs_1kg_detail.jpg,"무항생제 한돈 찜갈비(1kg)",16,19900,NULL,pork_fresh_steamedribs_1kg_thumb.jpg,0,2,37
141,1,"2025-07-04 22:56:33.000000",,pork_fresh_neck_500g_detail.jpg,"무항생제 한돈 목심 구이용(500g)",18,18500,NULL,pork_fresh_neck_500g_thumb.jpg,0,2,37
142,1,"2025-07-04 22:56:33.000000",,pork_fresh_belly_500g_detail.jpg,"무항생제 한돈 삼겹살 수육용(500g)",22,18500,NULL,pork_fresh_belly_500g_thumb.jpg,0,2,37
143,1,"2025-07-04 22:56:33.000000",,pork_fresh_slicedneck_500g_detail.jpg,"무항생제 한돈 목심대패(500g)",18,18500,NULL,pork_fresh_slicedneck_500g_thumb.jpg,0,2,37
144,1,"2025-07-04 22:56:33.000000",,pork_fresh_grilledbelly_500g_detail.jpg,"무항생제 한돈 삼겹살 구이용(500g)",22,18500,NULL,pork_fresh_grilledbelly_500g_thumb.jpg,0,2,37
145,1,"2025-07-04 22:56:33.000000",,beef_korean_soupcut_300g_detail.jpg,"1등급이상 한우 국거리용 세절(300g/냉장)",50,10900,NULL,beef_korean_soupcut_300g_thumb.jpg,0,2,38
146,1,"2025-07-04 22:56:33.000000",,beef_korean_ground_200g_detail.jpg,"1등급이상 한우 다짐육 (200g/냉장)",38,7400,NULL,beef_korean_ground_200g_thumb.jpg,0,2,38
147,1,"2025-07-04 22:56:33.000000",,beef_korean_rib_200g_detail.jpg,"[특가] 1등급이상 한우 갈비살 (200g/냉장)",43,22500,NULL,beef_korean_rib_200g_thumb.jpg,0,2,38
148,1,"2025-07-04 22:56:33.000000",,beef_korean1p_striploin_200g_detail.jpg,"미경산한우 1+등급 채끝 구이용(200g)",23,29900,NULL,beef_korean1p_striploin_200g_thumb.jpg,0,2,38
149,1,"2025-07-04 22:56:33.000000",,beef_korean1p_loin_200g_detail.jpg,"미경산한우 1+등급 등심 구이용(200g)",31,26900,NULL,beef_korean1p_loin_200g_thumb.jpg,0,2,38
150,1,"2025-07-04 22:56:33.000000",,beef_korean_fire_loin_300g_detail.jpg,"1등급이상 화식한우 등심 구이용(300g)",46,24900,NULL,beef_korean_fire_loin_300g_thumb.jpg,0,2,38
151,1,"2025-07-04 22:56:33.000000",,beef_korean_fire_striploin_200g_detail.jpg,"1등급이상 화식한우 채끝 구이용(200g)",52,18900,NULL,beef_korean_fire_striploin_200g_thumb.jpg,0,2,38
152,1,"2025-07-04 22:56:33.000000",,beef_korean_fire_brisket_300g_detail.jpg,"1등급이상 화식한우 양지 국거리(300g)",42,17900,NULL,beef_korean_fire_brisket_300g_thumb.jpg,0,2,38
153,1,"2025-07-04 22:56:33.000000",,pork_korean_sliced_belly_300g_detail.jpg,"한돈 대패 생삼겹살(냉장/300g)",20,11500,NULL,pork_korean_sliced_belly_300g_thumb.jpg,0,2,39
154,1,"2025-07-04 22:56:33.000000",,pork_korean_belly_neck_1kg_detail.jpg,"한돈 삼겹+목살 멀티팩(1kg)",11,30900,NULL,pork_korean_belly_neck_1kg_thumb.jpg,0,2,39
155,1,"2025-07-04 22:56:33.000000",,pork_korean_ribs_1kg_detail.jpg,"한돈 등갈비 (1kg)",27,26900,NULL,pork_korean_ribs_1kg_thumb.jpg,0,2,39
156,1,"2025-07-04 22:56:33.000000",,pork_korean_sliced_jowl_300g_detail.jpg,"한돈 대패 항정살(냉장/300g)",9,19900,NULL,pork_korean_sliced_jowl_300g_thumb.jpg,0,2,39
157,1,"2025-07-04 22:56:33.000000",,pork_korean_thick_belly_500g_detail.jpg,"한돈 두꺼운 삼겹살 (500g)",10,17900,NULL,pork_korean_thick_belly_500g_thumb.jpg,0,2,39
158,1,"2025-07-04 22:56:33.000000",,pork_korean_scored_belly_500g_detail.jpg,"한돈 칼집삼겹살 구이용(500g)",10,17900,NULL,pork_korean_scored_belly_500g_thumb.jpg,0,2,39
159,1,"2025-07-04 22:56:33.000000",,pork_korean_special_sauce_rib_800g_detail.jpg,"[특가] 무항생제 한돈 수제양념갈비 (800g)",26,16900,NULL,pork_korean_special_sauce_rib_800g_thumb.jpg,0,2,39
160,1,"2025-07-04 22:56:33.000000",,pork_our_belly_grill_500g_detail.jpg,"우리돼지 삼겹살 구이용(500g)",14,14450,NULL,pork_our_belly_grill_500g_thumb.jpg,0,2,39
161,1,"2025-07-04 22:56:33.000000",,pork_jeju_soy_bulgogi_300g_detail.jpg,"제주 흑돼지 간장 불고기(300g)",37,5480,NULL,pork_jeju_soy_bulgogi_300g_thumb.jpg,0,2,40
162,1,"2025-07-04 22:56:33.000000",,pork_jeju_chili_bulgogi_300g_detail.jpg,"제주 흑돼지 고추장 불고기(300g)",32,5900,NULL,pork_jeju_chili_bulgogi_300g_thumb.jpg,0,2,40
163,1,"2025-07-04 22:56:33.000000",,pork_jeju_belly_shabu_300g_detail.jpg,"제주돼지 삼겹살(샤브용, 300g)",14,15800,NULL,pork_jeju_belly_shabu_300g_thumb.jpg,0,2,40
164,1,"2025-07-04 22:56:33.000000",,pork_jeju_ham_bulgogi_500g_detail.jpg,"제주 흑돼지 뒷다리살(불고기용, 500g)",8,7800,NULL,pork_jeju_ham_bulgogi_500g_thumb.jpg,0,2,40
165,1,"2025-07-04 22:56:33.000000",,pork_jeju_shoulder_bulgogi_500g_detail.jpg,"제주돼지 앞다리살(불고기용, 500g)",26,13800,NULL,pork_jeju_shoulder_bulgogi_500g_thumb.jpg,0,2,40
166,1,"2025-07-04 22:56:33.000000",,pork_jeju_neck_300g_detail.jpg,"제주 흑돼지 목살(300g)",23,17500,NULL,pork_jeju_neck_300g_thumb.jpg,0,2,40
167,1,"2025-07-04 22:56:33.000000",,pork_jeju_neck_shabu_300g_detail.jpg,"제주돼지 목살(샤브용, 300g)",14,15800,NULL,pork_jeju_neck_shabu_300g_thumb.jpg,0,2,40
168,1,"2025-07-04 22:56:33.000000",,pork_jeju_neck_grill_300g_detail.jpg,"제주돼지 목살(구이용, 300g)",14,15800,NULL,pork_jeju_neck_grill_300g_thumb.jpg,0,2,40
169,1,"2025-07-04 22:56:33.000000",,chicken_fresh_wing_300g_detail.jpg,"무항생제 아랫날개 (윙/300g)",24,4900,NULL,chicken_fresh_wing_300g_thumb.jpg,0,2,41
170,1,"2025-07-04 22:56:33.000000",,duck_fresh_smoked_400g_detail.jpg,"10無 무항생제 더건강한 오리훈제(400g)",35,10900,NULL,duck_fresh_smoked_400g_thumb.jpg,0,2,42
171,1,"2025-07-04 22:56:33.000000",,chicken_chuncheon_rib_600g_detail.jpg,"춘천식 닭갈비 (2~3인분, 600g/냉장)",34,8400,NULL,chicken_chuncheon_rib_600g_thumb.jpg,0,2,47
172,1,"2025-07-04 22:56:33.000000",,chicken_soysauce_rib_600g_detail.jpg,"간장 닭갈비(2~3인분, 600g/냉장)",34,8400,NULL,chicken_soysauce_rib_600g_thumb.jpg,0,2,47
173,1,"2025-07-04 22:56:33.000000",,chicken_fresh_breast_1_3kg_detail.jpg,"무항생제 닭가슴살 두배더 절단육 (1.3kg)",34,7900,NULL,chicken_fresh_breast_1_3kg_thumb.jpg,0,2,41
174,1,"2025-07-04 22:56:33.000000",,duck_fresh_leg_350g_detail.jpg,"무항생제 오리 다리살 슬라이스 (350g)",27,7200,NULL,duck_fresh_leg_350g_thumb.jpg,0,2,42
175,1,"2025-07-04 22:56:33.000000",,chicken_chuncheon_boneless_400g_detail.jpg,"[특가] 춘천 순살 닭갈비 (400g)",26,7100,NULL,chicken_chuncheon_boneless_400g_thumb.jpg,0,2,47
176,1,"2025-07-04 22:56:33.000000",,chicken_nature_steak_250g_detail.jpg,"자연실록 치킨스테이크 (250g)",35,4500,NULL,chicken_nature_steak_250g_thumb.jpg,0,2,41
177,1,"2025-07-04 22:56:33.000000",,beef_tbone_550g_detail.jpg,"티본 스테이크(550g)",12,49500,NULL,beef_tbone_550g_thumb.jpg,0,2,43
178,1,"2025-07-04 22:56:33.000000",,beef_elbone_450g_detail.jpg,"엘본 스테이크(450g)",6,45500,NULL,beef_elbone_450g_thumb.jpg,0,2,43
179,1,"2025-07-04 22:56:33.000000",,beef_us_brisket_500g_detail.jpg,"U.S.비프 우삼겹(냉동/500g)",13,9990,NULL,beef_us_brisket_500g_thumb.jpg,0,2,43
180,1,"2025-07-04 22:56:33.000000",,beef_au_organic_loin_250g_detail.jpg,"호주 청정 오가닉 소고기 등심(250g)",26,17900,NULL,beef_au_organic_loin_250g_thumb.jpg,0,2,44
181,1,"2025-07-04 22:56:33.000000",,beef_au_organic_striploin_200g_detail.jpg,"호주 청정 오가닉 소고기 채끝(200g)",9,16900,NULL,beef_au_organic_striploin_200g_thumb.jpg,0,2,44
182,1,"2025-07-04 22:56:33.000000",,beef_au_organic_bulgogi_300g_detail.jpg,"호주 청정 오가닉 소고기 불고기(300g)",17,14500,NULL,beef_au_organic_bulgogi_300g_thumb.jpg,0,2,44
183,1,"2025-07-04 22:56:33.000000",,beef_au_organic_tenderloin_200g_detail.jpg,"호주 청정 오가닉 소고기 안심(200g)",6,29900,NULL,beef_au_organic_tenderloin_200g_thumb.jpg,0,2,44
184,1,"2025-07-04 22:56:33.000000",,beef_au_organic_ground_200g_detail.jpg,"호주 청정 오가닉 소고기 다짐육(200g)",9,12900,NULL,beef_au_organic_ground_200g_thumb.jpg,0,2,44
185,1,"2025-07-04 22:56:33.000000",,ham_johncook_bacon_100g_detail.jpg,"[존쿡델리미트] 팜프레시 전G 베이컨(100g)",7,5880,NULL,ham_johncook_bacon_100g_thumb.jpg,0,2,45
186,1,"2025-07-04 22:56:33.000000",,beef_nature_bulgogi_600g_detail.jpg,"자연별곡 궁중 소불고기(4인분,600g)",8,16300,NULL,beef_nature_bulgogi_600g_thumb.jpg,0,2,45
187,1,"2025-07-04 22:56:33.000000",,duck_premium_smoked_400g_detail.jpg,"자연공법 프리미엄 훈제오리(400g)",15,13500,NULL,duck_premium_smoked_400g_thumb.jpg,0,2,45
188,1,"2025-07-04 22:56:33.000000",,pork_chamsut_rib_500g_detail.jpg,"참숯 등갈비 (500g)",24,12900,NULL,pork_chamsut_rib_500g_thumb.jpg,0,2,47
189,1,"2025-07-04 22:56:33.000000",,pork_bbq_rib_500g_detail.jpg,"바베큐폭립 (500g)",25,11900,NULL,pork_bbq_rib_500g_thumb.jpg,0,2,47
190,1,"2025-07-04 22:56:33.000000",,duck_uhwang_smoked_400g_detail.jpg,"참맛다한 유황먹인 오리훈제(400g)",25,11800,NULL,duck_uhwang_smoked_400g_thumb.jpg,0,2,45
191,1,"2025-07-04 22:56:33.000000",,pork_original_rib_500g_detail.jpg,"오리지널 쪽갈비 (500g)",27,10900,NULL,pork_original_rib_500g_thumb.jpg,0,2,47
192,1,"2025-07-04 22:56:33.000000",,pork_yangnyeom_makchang_200g_detail.jpg,"[특가] 맛있는 숯불 양념 막창(200g/냉장)",29,6980,NULL,pork_yangnyeom_makchang_200g_thumb.jpg,0,2,47
193,1,"2025-07-04 22:56:33.000000",,pork_welfare_jeyuk_500g_detail.jpg,"동물복지 한돈 제육볶음(500g) l 하이포크",33,9900,NULL,pork_welfare_jeyuk_500g_thumb.jpg,0,2,47
194,1,"2025-07-04 22:56:33.000000",,chicken_salt_rib_400g_detail.jpg,"[특가] 동물복지 소금구이 닭갈비 (400g)",19,8900,NULL,chicken_salt_rib_400g_thumb.jpg,0,2,47
195,1,"2025-07-04 22:56:33.000000",,chicken_grilled_boneless_500g_detail.jpg,"구어조은닭 순살 치킨(500g/냉장)",28,7900,NULL,chicken_grilled_boneless_500g_thumb.jpg,0,2,47
196,1,"2025-07-04 23:31:04.000000",,egg_quail_450g_detail.jpg,"깐 메추리알(450g)",10,7980,NULL,egg_quail_450g_thumb.jpg,0,2,34
197,1,"2025-07-04 23:31:04.000000",,egg_halfboiled_10_detail.jpg,"동물복지 유정 반숙란 10구",22,6950,NULL,egg_halfboiled_10_thumb.jpg,0,2,34
198,1,"2025-07-04 23:31:04.000000",,egg_free_10_detail.jpg,"완전방사 동물복지 유정란 (10구)",30,4300,NULL,egg_free_10_thumb.jpg,0,2,34
199,1,"2025-07-04 23:31:04.000000",,egg_quail_270g_detail.jpg,"신선한 깐메추리알(270g)",20,3840,NULL,egg_quail_270g_thumb.jpg,0,2,34
200,1,"2025-07-04 23:31:04.000000",,egg_baked_6_detail.jpg,"동물복지 구운 유정란 6구(258g이상)",24,3800,NULL,egg_baked_6_thumb.jpg,0,2,34
201,1,"2025-07-04 23:31:04.000000",,egg_baked_4_detail.jpg,"동물복지 구운 유정란 4구(172g이상)",32,2900,NULL,egg_baked_4_thumb.jpg,0,2,34
202,1,"2025-07-04 23:31:04.000000",,egg_nongmo_2_detail.jpg,"NON-GMO 동물복지 유정란(난각번호2번)",21,5300,NULL,egg_nongmo_2_thumb.jpg,0,2,34
203,1,"2025-07-04 23:31:04.000000",,egg_baked_20_detail.jpg,"동물복지 구운 유정란 20구(860g이상)",22,10100,NULL,egg_baked_20_thumb.jpg,0,2,34
204,1,"2025-07-04 23:31:04.000000",,beef_fresh_loin_200g_detail.jpg,"무항생제 신선한우 등심 (구이용, 200g)",36,22900,NULL,beef_fresh_loin_200g_thumb.jpg,0,2,36
205,1,"2025-07-04 23:31:04.000000",,beef_fresh_striploin_200g_detail.jpg,"무항생제 신선한우 채끝 (스테이크용, 200g)",35,26900,NULL,beef_fresh_striploin_200g_thumb.jpg,0,2,36
206,1,"2025-07-04 23:31:04.000000",,beef_fresh_soupmeat_300g_detail.jpg,"무항생제 신선한우 국거리 (300g)",26,14900,NULL,beef_fresh_soupmeat_300g_thumb.jpg,0,2,36
207,1,"2025-07-04 23:31:04.000000",,beef_fresh_bulgogi_300g_detail.jpg,"1등급이상 무항생제 한우 불고기용 (300g/냉장)",39,12800,NULL,beef_fresh_bulgogi_300g_thumb.jpg,0,2,36
208,1,"2025-07-04 23:31:04.000000",,beef_fresh_tenderloin_200g_detail.jpg,"무항생제 신선한우 안심 (스테이크용, 200g)",10,41900,NULL,beef_fresh_tenderloin_200g_thumb.jpg,0,2,36
209,1,"2025-07-04 23:31:04.000000",,beef_fresh_groundround_1kg_detail.jpg,"무항생제 한우 우둔 다짐육(1kg)",46,41000,NULL,beef_fresh_groundround_1kg_thumb.jpg,0,2,36
210,1,"2025-07-04 23:31:04.000000",,beef_fresh_loin_300g_detail.jpg,"무항생제 한우 등심 구이용(300g)",25,33800,NULL,beef_fresh_loin_300g_thumb.jpg,0,2,36
211,1,"2025-07-04 23:31:04.000000",,beef_fresh_chuckflap_200g_detail.jpg,"무항생제 신선한우 부채살 (구이용, 200g)",18,29900,NULL,beef_fresh_chuckflap_200g_thumb.jpg,0,2,36
212,1,"2025-07-04 23:31:04.000000",,pork_fresh_belly_1kg_detail.jpg,"무항생제 한돈 삼겹살(수육용, 1kg)｜목우촌",21,33800,NULL,pork_fresh_belly_1kg_thumb.jpg,0,2,37
213,1,"2025-07-04 23:31:04.000000",,pork_fresh_jowl_500g_detail.jpg,"무항생제 한돈 통항정살 구이/수육용(500g)",2,32000,NULL,pork_fresh_jowl_500g_thumb.jpg,0,2,37
214,1,"2025-07-04 23:31:04.000000",,pork_fresh_belly_ourfarm_1kg_detail.jpg,"무항생제 우리한돈 삼겹살(수육용/1kg)ㅣ우리농장",14,28800,NULL,pork_fresh_belly_ourfarm_1kg_thumb.jpg,0,2,37
215,1,"2025-07-04 23:31:04.000000",,pork_fresh_steamedribs_1kg_detail.jpg,"무항생제 한돈 찜갈비(1kg)",16,19900,NULL,pork_fresh_steamedribs_1kg_thumb.jpg,0,2,37
216,1,"2025-07-04 23:31:04.000000",,pork_fresh_neck_500g_detail.jpg,"무항생제 한돈 목심 구이용(500g)",18,18500,NULL,pork_fresh_neck_500g_thumb.jpg,0,2,37
217,1,"2025-07-04 23:31:04.000000",,pork_fresh_belly_500g_detail.jpg,"무항생제 한돈 삼겹살 수육용(500g)",22,18500,NULL,pork_fresh_belly_500g_thumb.jpg,0,2,37
218,1,"2025-07-04 23:31:04.000000",,pork_fresh_slicedneck_500g_detail.jpg,"무항생제 한돈 목심대패(500g)",18,18500,NULL,pork_fresh_slicedneck_500g_thumb.jpg,0,2,37
219,1,"2025-07-04 23:31:04.000000",,pork_fresh_grilledbelly_500g_detail.jpg,"무항생제 한돈 삼겹살 구이용(500g)",22,18500,NULL,pork_fresh_grilledbelly_500g_thumb.jpg,0,2,37
220,1,"2025-07-04 23:31:04.000000",,beef_korean_soupcut_300g_detail.jpg,"1등급이상 한우 국거리용 세절(300g/냉장)",50,10900,NULL,beef_korean_soupcut_300g_thumb.jpg,0,2,38
221,1,"2025-07-04 23:31:04.000000",,beef_korean_ground_200g_detail.jpg,"1등급이상 한우 다짐육 (200g/냉장)",38,7400,NULL,beef_korean_ground_200g_thumb.jpg,0,2,38
222,1,"2025-07-04 23:31:04.000000",,beef_korean_rib_200g_detail.jpg,"[특가] 1등급이상 한우 갈비살 (200g/냉장)",43,22500,NULL,beef_korean_rib_200g_thumb.jpg,0,2,38
223,1,"2025-07-04 23:31:04.000000",,beef_korean1p_striploin_200g_detail.jpg,"미경산한우 1+등급 채끝 구이용(200g)",23,29900,NULL,beef_korean1p_striploin_200g_thumb.jpg,0,2,38
224,1,"2025-07-04 23:31:04.000000",,beef_korean1p_loin_200g_detail.jpg,"미경산한우 1+등급 등심 구이용(200g)",31,26900,NULL,beef_korean1p_loin_200g_thumb.jpg,0,2,38
225,1,"2025-07-04 23:31:04.000000",,beef_korean_fire_loin_300g_detail.jpg,"1등급이상 화식한우 등심 구이용(300g)",46,24900,NULL,beef_korean_fire_loin_300g_thumb.jpg,0,2,38
226,1,"2025-07-04 23:31:04.000000",,beef_korean_fire_striploin_200g_detail.jpg,"1등급이상 화식한우 채끝 구이용(200g)",52,18900,NULL,beef_korean_fire_striploin_200g_thumb.jpg,0,2,38
227,1,"2025-07-04 23:31:04.000000",,beef_korean_fire_brisket_300g_detail.jpg,"1등급이상 화식한우 양지 국거리(300g)",42,17900,NULL,beef_korean_fire_brisket_300g_thumb.jpg,0,2,38
228,1,"2025-07-04 23:31:04.000000",,pork_korean_sliced_belly_300g_detail.jpg,"한돈 대패 생삼겹살(냉장/300g)",20,11500,NULL,pork_korean_sliced_belly_300g_thumb.jpg,0,2,39
229,1,"2025-07-04 23:31:04.000000",,pork_korean_belly_neck_1kg_detail.jpg,"한돈 삼겹+목살 멀티팩(1kg)",11,30900,NULL,pork_korean_belly_neck_1kg_thumb.jpg,0,2,39
230,1,"2025-07-04 23:31:04.000000",,pork_korean_ribs_1kg_detail.jpg,"한돈 등갈비 (1kg)",27,26900,NULL,pork_korean_ribs_1kg_thumb.jpg,0,2,39
231,1,"2025-07-04 23:31:04.000000",,pork_korean_sliced_jowl_300g_detail.jpg,"한돈 대패 항정살(냉장/300g)",9,19900,NULL,pork_korean_sliced_jowl_300g_thumb.jpg,0,2,39
232,1,"2025-07-04 23:31:04.000000",,pork_korean_thick_belly_500g_detail.jpg,"한돈 두꺼운 삼겹살 (500g)",10,17900,NULL,pork_korean_thick_belly_500g_thumb.jpg,0,2,39
233,1,"2025-07-04 23:31:04.000000",,pork_korean_scored_belly_500g_detail.jpg,"한돈 칼집삼겹살 구이용(500g)",10,17900,NULL,pork_korean_scored_belly_500g_thumb.jpg,0,2,39
234,1,"2025-07-04 23:31:04.000000",,pork_korean_special_sauce_rib_800g_detail.jpg,"[특가] 무항생제 한돈 수제양념갈비 (800g)",26,16900,NULL,pork_korean_special_sauce_rib_800g_thumb.jpg,0,2,39
235,1,"2025-07-04 23:31:04.000000",,pork_our_belly_grill_500g_detail.jpg,"우리돼지 삼겹살 구이용(500g)",14,14450,NULL,pork_our_belly_grill_500g_thumb.jpg,0,2,39
236,1,"2025-07-04 23:31:04.000000",,pork_jeju_soy_bulgogi_300g_detail.jpg,"제주 흑돼지 간장 불고기(300g)",37,5480,NULL,pork_jeju_soy_bulgogi_300g_thumb.jpg,0,2,40
237,1,"2025-07-04 23:31:04.000000",,pork_jeju_chili_bulgogi_300g_detail.jpg,"제주 흑돼지 고추장 불고기(300g)",32,5900,NULL,pork_jeju_chili_bulgogi_300g_thumb.jpg,0,2,40
238,1,"2025-07-04 23:31:04.000000",,pork_jeju_belly_shabu_300g_detail.jpg,"제주돼지 삼겹살(샤브용, 300g)",14,15800,NULL,pork_jeju_belly_shabu_300g_thumb.jpg,0,2,40
239,1,"2025-07-04 23:31:04.000000",,pork_jeju_ham_bulgogi_500g_detail.jpg,"제주 흑돼지 뒷다리살(불고기용, 500g)",8,7800,NULL,pork_jeju_ham_bulgogi_500g_thumb.jpg,0,2,40
240,1,"2025-07-04 23:31:04.000000",,pork_jeju_shoulder_bulgogi_500g_detail.jpg,"제주돼지 앞다리살(불고기용, 500g)",26,13800,NULL,pork_jeju_shoulder_bulgogi_500g_thumb.jpg,0,2,40
241,1,"2025-07-04 23:31:04.000000",,pork_jeju_neck_300g_detail.jpg,"제주 흑돼지 목살(300g)",23,17500,NULL,pork_jeju_neck_300g_thumb.jpg,0,2,40
242,1,"2025-07-04 23:31:04.000000",,pork_jeju_neck_shabu_300g_detail.jpg,"제주돼지 목살(샤브용, 300g)",14,15800,NULL,pork_jeju_neck_shabu_300g_thumb.jpg,0,2,40
243,1,"2025-07-04 23:31:04.000000",,pork_jeju_neck_grill_300g_detail.jpg,"제주돼지 목살(구이용, 300g)",14,15800,NULL,pork_jeju_neck_grill_300g_thumb.jpg,0,2,40
244,1,"2025-07-04 23:31:04.000000",,chicken_fresh_wing_300g_detail.jpg,"무항생제 아랫날개 (윙/300g)",24,4900,NULL,chicken_fresh_wing_300g_thumb.jpg,0,2,41
245,1,"2025-07-04 23:31:04.000000",,duck_fresh_smoked_400g_detail.jpg,"10無 무항생제 더건강한 오리훈제(400g)",35,10900,NULL,duck_fresh_smoked_400g_thumb.jpg,0,2,42
246,1,"2025-07-04 23:31:04.000000",,chicken_chuncheon_rib_600g_detail.jpg,"춘천식 닭갈비 (2~3인분, 600g/냉장)",34,8400,NULL,chicken_chuncheon_rib_600g_thumb.jpg,0,2,47
247,1,"2025-07-04 23:31:04.000000",,chicken_soysauce_rib_600g_detail.jpg,"간장 닭갈비(2~3인분, 600g/냉장)",34,8400,NULL,chicken_soysauce_rib_600g_thumb.jpg,0,2,47
248,1,"2025-07-04 23:31:04.000000",,chicken_fresh_breast_1_3kg_detail.jpg,"무항생제 닭가슴살 두배더 절단육 (1.3kg)",34,7900,NULL,chicken_fresh_breast_1_3kg_thumb.jpg,0,2,41
249,1,"2025-07-04 23:31:04.000000",,duck_fresh_leg_350g_detail.jpg,"무항생제 오리 다리살 슬라이스 (350g)",27,7200,NULL,duck_fresh_leg_350g_thumb.jpg,0,2,42
250,1,"2025-07-04 23:31:04.000000",,chicken_chuncheon_boneless_400g_detail.jpg,"[특가] 춘천 순살 닭갈비 (400g)",26,7100,NULL,chicken_chuncheon_boneless_400g_thumb.jpg,0,2,47
251,1,"2025-07-04 23:31:04.000000",,chicken_nature_steak_250g_detail.jpg,"자연실록 치킨스테이크 (250g)",35,4500,NULL,chicken_nature_steak_250g_thumb.jpg,0,2,41
252,1,"2025-07-04 23:31:04.000000",,beef_tbone_550g_detail.jpg,"티본 스테이크(550g)",12,49500,NULL,beef_tbone_550g_thumb.jpg,0,2,43
253,1,"2025-07-04 23:31:04.000000",,beef_elbone_450g_detail.jpg,"엘본 스테이크(450g)",6,45500,NULL,beef_elbone_450g_thumb.jpg,0,2,43
254,1,"2025-07-04 23:31:04.000000",,beef_us_brisket_500g_detail.jpg,"U.S.비프 우삼겹(냉동/500g)",13,9990,NULL,beef_us_brisket_500g_thumb.jpg,0,2,43
255,1,"2025-07-04 23:31:04.000000",,beef_au_organic_loin_250g_detail.jpg,"호주 청정 오가닉 소고기 등심(250g)",26,17900,NULL,beef_au_organic_loin_250g_thumb.jpg,0,2,44
256,1,"2025-07-04 23:31:04.000000",,beef_au_organic_striploin_200g_detail.jpg,"호주 청정 오가닉 소고기 채끝(200g)",9,16900,NULL,beef_au_organic_striploin_200g_thumb.jpg,0,2,44
257,1,"2025-07-04 23:31:04.000000",,beef_au_organic_bulgogi_300g_detail.jpg,"호주 청정 오가닉 소고기 불고기(300g)",17,14500,NULL,beef_au_organic_bulgogi_300g_thumb.jpg,0,2,44
258,1,"2025-07-04 23:31:04.000000",,beef_au_organic_tenderloin_200g_detail.jpg,"호주 청정 오가닉 소고기 안심(200g)",6,29900,NULL,beef_au_organic_tenderloin_200g_thumb.jpg,0,2,44
259,1,"2025-07-04 23:31:04.000000",,beef_au_organic_ground_200g_detail.jpg,"호주 청정 오가닉 소고기 다짐육(200g)",9,12900,NULL,beef_au_organic_ground_200g_thumb.jpg,0,2,44
260,1,"2025-07-04 23:31:04.000000",,ham_johncook_bacon_100g_detail.jpg,"[존쿡델리미트] 팜프레시 전G 베이컨(100g)",7,5880,NULL,ham_johncook_bacon_100g_thumb.jpg,0,2,45
261,1,"2025-07-04 23:31:04.000000",,beef_nature_bulgogi_600g_detail.jpg,"자연별곡 궁중 소불고기(4인분,600g)",8,16300,NULL,beef_nature_bulgogi_600g_thumb.jpg,0,2,45
262,1,"2025-07-04 23:31:04.000000",,duck_premium_smoked_400g_detail.jpg,"자연공법 프리미엄 훈제오리(400g)",15,13500,NULL,duck_premium_smoked_400g_thumb.jpg,0,2,45
263,1,"2025-07-04 23:31:04.000000",,pork_chamsut_rib_500g_detail.jpg,"참숯 등갈비 (500g)",24,12900,NULL,pork_chamsut_rib_500g_thumb.jpg,0,2,47
264,1,"2025-07-04 23:31:04.000000",,pork_bbq_rib_500g_detail.jpg,"바베큐폭립 (500g)",25,11900,NULL,pork_bbq_rib_500g_thumb.jpg,0,2,47
265,1,"2025-07-04 23:31:04.000000",,duck_uhwang_smoked_400g_detail.jpg,"참맛다한 유황먹인 오리훈제(400g)",25,11800,NULL,duck_uhwang_smoked_400g_thumb.jpg,0,2,45
266,1,"2025-07-04 23:31:04.000000",,pork_original_rib_500g_detail.jpg,"오리지널 쪽갈비 (500g)",27,10900,NULL,pork_original_rib_500g_thumb.jpg,0,2,47
267,1,"2025-07-04 23:31:04.000000",,pork_yangnyeom_makchang_200g_detail.jpg,"[특가] 맛있는 숯불 양념 막창(200g/냉장)",29,6980,NULL,pork_yangnyeom_makchang_200g_thumb.jpg,0,2,47
268,1,"2025-07-04 23:31:04.000000",,pork_welfare_jeyuk_500g_detail.jpg,"동물복지 한돈 제육볶음(500g) l 하이포크",33,9900,NULL,pork_welfare_jeyuk_500g_thumb.jpg,0,2,47
269,1,"2025-07-04 23:31:04.000000",,chicken_salt_rib_400g_detail.jpg,"[특가] 동물복지 소금구이 닭갈비 (400g)",19,8900,NULL,chicken_salt_rib_400g_thumb.jpg,0,2,47
270,1,"2025-07-04 23:31:04.000000",,chicken_grilled_boneless_500g_detail.jpg,"구어조은닭 순살 치킨(500g/냉장)",28,7900,NULL,chicken_grilled_boneless_500g_thumb.jpg,0,2,47
271,1,"2025-07-04 23:31:06.000000",,egg_quail_450g_detail.jpg,"깐 메추리알(450g)",10,7980,NULL,egg_quail_450g_thumb.jpg,0,2,34
272,1,"2025-07-04 23:31:06.000000",,egg_halfboiled_10_detail.jpg,"동물복지 유정 반숙란 10구",22,6950,NULL,egg_halfboiled_10_thumb.jpg,0,2,34
273,1,"2025-07-04 23:31:06.000000",,egg_free_10_detail.jpg,"완전방사 동물복지 유정란 (10구)",30,4300,NULL,egg_free_10_thumb.jpg,0,2,34
274,1,"2025-07-04 23:31:06.000000",,egg_quail_270g_detail.jpg,"신선한 깐메추리알(270g)",20,3840,NULL,egg_quail_270g_thumb.jpg,0,2,34
275,1,"2025-07-04 23:31:06.000000",,egg_baked_6_detail.jpg,"동물복지 구운 유정란 6구(258g이상)",24,3800,NULL,egg_baked_6_thumb.jpg,0,2,34
276,1,"2025-07-04 23:31:06.000000",,egg_baked_4_detail.jpg,"동물복지 구운 유정란 4구(172g이상)",32,2900,NULL,egg_baked_4_thumb.jpg,0,2,34
277,1,"2025-07-04 23:31:06.000000",,egg_nongmo_2_detail.jpg,"NON-GMO 동물복지 유정란(난각번호2번)",21,5300,NULL,egg_nongmo_2_thumb.jpg,0,2,34
278,1,"2025-07-04 23:31:06.000000",,egg_baked_20_detail.jpg,"동물복지 구운 유정란 20구(860g이상)",22,10100,NULL,egg_baked_20_thumb.jpg,0,2,34
279,1,"2025-07-04 23:31:06.000000",,beef_fresh_loin_200g_detail.jpg,"무항생제 신선한우 등심 (구이용, 200g)",36,22900,NULL,beef_fresh_loin_200g_thumb.jpg,0,2,36
280,1,"2025-07-04 23:31:06.000000",,beef_fresh_striploin_200g_detail.jpg,"무항생제 신선한우 채끝 (스테이크용, 200g)",35,26900,NULL,beef_fresh_striploin_200g_thumb.jpg,0,2,36
281,1,"2025-07-04 23:31:06.000000",,beef_fresh_soupmeat_300g_detail.jpg,"무항생제 신선한우 국거리 (300g)",26,14900,NULL,beef_fresh_soupmeat_300g_thumb.jpg,0,2,36
282,1,"2025-07-04 23:31:06.000000",,beef_fresh_bulgogi_300g_detail.jpg,"1등급이상 무항생제 한우 불고기용 (300g/냉장)",39,12800,NULL,beef_fresh_bulgogi_300g_thumb.jpg,0,2,36
283,1,"2025-07-04 23:31:06.000000",,beef_fresh_tenderloin_200g_detail.jpg,"무항생제 신선한우 안심 (스테이크용, 200g)",10,41900,NULL,beef_fresh_tenderloin_200g_thumb.jpg,0,2,36
284,1,"2025-07-04 23:31:06.000000",,beef_fresh_groundround_1kg_detail.jpg,"무항생제 한우 우둔 다짐육(1kg)",46,41000,NULL,beef_fresh_groundround_1kg_thumb.jpg,0,2,36
285,1,"2025-07-04 23:31:06.000000",,beef_fresh_loin_300g_detail.jpg,"무항생제 한우 등심 구이용(300g)",25,33800,NULL,beef_fresh_loin_300g_thumb.jpg,0,2,36
286,1,"2025-07-04 23:31:06.000000",,beef_fresh_chuckflap_200g_detail.jpg,"무항생제 신선한우 부채살 (구이용, 200g)",18,29900,NULL,beef_fresh_chuckflap_200g_thumb.jpg,0,2,36
287,1,"2025-07-04 23:31:06.000000",,pork_fresh_belly_1kg_detail.jpg,"무항생제 한돈 삼겹살(수육용, 1kg)｜목우촌",21,33800,NULL,pork_fresh_belly_1kg_thumb.jpg,0,2,37
288,1,"2025-07-04 23:31:06.000000",,pork_fresh_jowl_500g_detail.jpg,"무항생제 한돈 통항정살 구이/수육용(500g)",2,32000,NULL,pork_fresh_jowl_500g_thumb.jpg,0,2,37
289,1,"2025-07-04 23:31:06.000000",,pork_fresh_belly_ourfarm_1kg_detail.jpg,"무항생제 우리한돈 삼겹살(수육용/1kg)ㅣ우리농장",14,28800,NULL,pork_fresh_belly_ourfarm_1kg_thumb.jpg,0,2,37
290,1,"2025-07-04 23:31:06.000000",,pork_fresh_steamedribs_1kg_detail.jpg,"무항생제 한돈 찜갈비(1kg)",16,19900,NULL,pork_fresh_steamedribs_1kg_thumb.jpg,0,2,37
291,1,"2025-07-04 23:31:06.000000",,pork_fresh_neck_500g_detail.jpg,"무항생제 한돈 목심 구이용(500g)",18,18500,NULL,pork_fresh_neck_500g_thumb.jpg,0,2,37
292,1,"2025-07-04 23:31:06.000000",,pork_fresh_belly_500g_detail.jpg,"무항생제 한돈 삼겹살 수육용(500g)",22,18500,NULL,pork_fresh_belly_500g_thumb.jpg,0,2,37
293,1,"2025-07-04 23:31:06.000000",,pork_fresh_slicedneck_500g_detail.jpg,"무항생제 한돈 목심대패(500g)",18,18500,NULL,pork_fresh_slicedneck_500g_thumb.jpg,0,2,37
294,1,"2025-07-04 23:31:06.000000",,pork_fresh_grilledbelly_500g_detail.jpg,"무항생제 한돈 삼겹살 구이용(500g)",22,18500,NULL,pork_fresh_grilledbelly_500g_thumb.jpg,0,2,37
295,1,"2025-07-04 23:31:06.000000",,beef_korean_soupcut_300g_detail.jpg,"1등급이상 한우 국거리용 세절(300g/냉장)",50,10900,NULL,beef_korean_soupcut_300g_thumb.jpg,0,2,38
296,1,"2025-07-04 23:31:06.000000",,beef_korean_ground_200g_detail.jpg,"1등급이상 한우 다짐육 (200g/냉장)",38,7400,NULL,beef_korean_ground_200g_thumb.jpg,0,2,38
297,1,"2025-07-04 23:31:06.000000",,beef_korean_rib_200g_detail.jpg,"[특가] 1등급이상 한우 갈비살 (200g/냉장)",43,22500,NULL,beef_korean_rib_200g_thumb.jpg,0,2,38
298,1,"2025-07-04 23:31:06.000000",,beef_korean1p_striploin_200g_detail.jpg,"미경산한우 1+등급 채끝 구이용(200g)",23,29900,NULL,beef_korean1p_striploin_200g_thumb.jpg,0,2,38
299,1,"2025-07-04 23:31:06.000000",,beef_korean1p_loin_200g_detail.jpg,"미경산한우 1+등급 등심 구이용(200g)",31,26900,NULL,beef_korean1p_loin_200g_thumb.jpg,0,2,38
300,1,"2025-07-04 23:31:06.000000",,beef_korean_fire_loin_300g_detail.jpg,"1등급이상 화식한우 등심 구이용(300g)",46,24900,NULL,beef_korean_fire_loin_300g_thumb.jpg,0,2,38
301,1,"2025-07-04 23:31:06.000000",,beef_korean_fire_striploin_200g_detail.jpg,"1등급이상 화식한우 채끝 구이용(200g)",52,18900,NULL,beef_korean_fire_striploin_200g_thumb.jpg,0,2,38
302,1,"2025-07-04 23:31:06.000000",,beef_korean_fire_brisket_300g_detail.jpg,"1등급이상 화식한우 양지 국거리(300g)",42,17900,NULL,beef_korean_fire_brisket_300g_thumb.jpg,0,2,38
303,1,"2025-07-04 23:31:06.000000",,pork_korean_sliced_belly_300g_detail.jpg,"한돈 대패 생삼겹살(냉장/300g)",20,11500,NULL,pork_korean_sliced_belly_300g_thumb.jpg,0,2,39
304,1,"2025-07-04 23:31:06.000000",,pork_korean_belly_neck_1kg_detail.jpg,"한돈 삼겹+목살 멀티팩(1kg)",11,30900,NULL,pork_korean_belly_neck_1kg_thumb.jpg,0,2,39
305,1,"2025-07-04 23:31:06.000000",,pork_korean_ribs_1kg_detail.jpg,"한돈 등갈비 (1kg)",27,26900,NULL,pork_korean_ribs_1kg_thumb.jpg,0,2,39
306,1,"2025-07-04 23:31:06.000000",,pork_korean_sliced_jowl_300g_detail.jpg,"한돈 대패 항정살(냉장/300g)",9,19900,NULL,pork_korean_sliced_jowl_300g_thumb.jpg,0,2,39
307,1,"2025-07-04 23:31:06.000000",,pork_korean_thick_belly_500g_detail.jpg,"한돈 두꺼운 삼겹살 (500g)",10,17900,NULL,pork_korean_thick_belly_500g_thumb.jpg,0,2,39
308,1,"2025-07-04 23:31:06.000000",,pork_korean_scored_belly_500g_detail.jpg,"한돈 칼집삼겹살 구이용(500g)",10,17900,NULL,pork_korean_scored_belly_500g_thumb.jpg,0,2,39
309,1,"2025-07-04 23:31:06.000000",,pork_korean_special_sauce_rib_800g_detail.jpg,"[특가] 무항생제 한돈 수제양념갈비 (800g)",26,16900,NULL,pork_korean_special_sauce_rib_800g_thumb.jpg,0,2,39
310,1,"2025-07-04 23:31:06.000000",,pork_our_belly_grill_500g_detail.jpg,"우리돼지 삼겹살 구이용(500g)",14,14450,NULL,pork_our_belly_grill_500g_thumb.jpg,0,2,39
311,1,"2025-07-04 23:31:06.000000",,pork_jeju_soy_bulgogi_300g_detail.jpg,"제주 흑돼지 간장 불고기(300g)",37,5480,NULL,pork_jeju_soy_bulgogi_300g_thumb.jpg,0,2,40
312,1,"2025-07-04 23:31:06.000000",,pork_jeju_chili_bulgogi_300g_detail.jpg,"제주 흑돼지 고추장 불고기(300g)",32,5900,NULL,pork_jeju_chili_bulgogi_300g_thumb.jpg,0,2,40
313,1,"2025-07-04 23:31:06.000000",,pork_jeju_belly_shabu_300g_detail.jpg,"제주돼지 삼겹살(샤브용, 300g)",14,15800,NULL,pork_jeju_belly_shabu_300g_thumb.jpg,0,2,40
314,1,"2025-07-04 23:31:06.000000",,pork_jeju_ham_bulgogi_500g_detail.jpg,"제주 흑돼지 뒷다리살(불고기용, 500g)",8,7800,NULL,pork_jeju_ham_bulgogi_500g_thumb.jpg,0,2,40
315,1,"2025-07-04 23:31:06.000000",,pork_jeju_shoulder_bulgogi_500g_detail.jpg,"제주돼지 앞다리살(불고기용, 500g)",26,13800,NULL,pork_jeju_shoulder_bulgogi_500g_thumb.jpg,0,2,40
316,1,"2025-07-04 23:31:06.000000",,pork_jeju_neck_300g_detail.jpg,"제주 흑돼지 목살(300g)",23,17500,NULL,pork_jeju_neck_300g_thumb.jpg,0,2,40
317,1,"2025-07-04 23:31:06.000000",,pork_jeju_neck_shabu_300g_detail.jpg,"제주돼지 목살(샤브용, 300g)",14,15800,NULL,pork_jeju_neck_shabu_300g_thumb.jpg,0,2,40
318,1,"2025-07-04 23:31:06.000000",,pork_jeju_neck_grill_300g_detail.jpg,"제주돼지 목살(구이용, 300g)",14,15800,NULL,pork_jeju_neck_grill_300g_thumb.jpg,0,2,40
319,1,"2025-07-04 23:31:06.000000",,chicken_fresh_wing_300g_detail.jpg,"무항생제 아랫날개 (윙/300g)",24,4900,NULL,chicken_fresh_wing_300g_thumb.jpg,0,2,41
320,1,"2025-07-04 23:31:06.000000",,duck_fresh_smoked_400g_detail.jpg,"10無 무항생제 더건강한 오리훈제(400g)",35,10900,NULL,duck_fresh_smoked_400g_thumb.jpg,0,2,42
321,1,"2025-07-04 23:31:06.000000",,chicken_chuncheon_rib_600g_detail.jpg,"춘천식 닭갈비 (2~3인분, 600g/냉장)",34,8400,NULL,chicken_chuncheon_rib_600g_thumb.jpg,0,2,47
322,1,"2025-07-04 23:31:06.000000",,chicken_soysauce_rib_600g_detail.jpg,"간장 닭갈비(2~3인분, 600g/냉장)",34,8400,NULL,chicken_soysauce_rib_600g_thumb.jpg,0,2,47
323,1,"2025-07-04 23:31:06.000000",,chicken_fresh_breast_1_3kg_detail.jpg,"무항생제 닭가슴살 두배더 절단육 (1.3kg)",34,7900,NULL,chicken_fresh_breast_1_3kg_thumb.jpg,0,2,41
324,1,"2025-07-04 23:31:06.000000",,duck_fresh_leg_350g_detail.jpg,"무항생제 오리 다리살 슬라이스 (350g)",27,7200,NULL,duck_fresh_leg_350g_thumb.jpg,0,2,42
325,1,"2025-07-04 23:31:06.000000",,chicken_chuncheon_boneless_400g_detail.jpg,"[특가] 춘천 순살 닭갈비 (400g)",26,7100,NULL,chicken_chuncheon_boneless_400g_thumb.jpg,0,2,47
326,1,"2025-07-04 23:31:06.000000",,chicken_nature_steak_250g_detail.jpg,"자연실록 치킨스테이크 (250g)",35,4500,NULL,chicken_nature_steak_250g_thumb.jpg,0,2,41
327,1,"2025-07-04 23:31:06.000000",,beef_tbone_550g_detail.jpg,"티본 스테이크(550g)",12,49500,NULL,beef_tbone_550g_thumb.jpg,0,2,43
328,1,"2025-07-04 23:31:06.000000",,beef_elbone_450g_detail.jpg,"엘본 스테이크(450g)",6,45500,NULL,beef_elbone_450g_thumb.jpg,0,2,43
329,1,"2025-07-04 23:31:06.000000",,beef_us_brisket_500g_detail.jpg,"U.S.비프 우삼겹(냉동/500g)",13,9990,NULL,beef_us_brisket_500g_thumb.jpg,0,2,43
330,1,"2025-07-04 23:31:06.000000",,beef_au_organic_loin_250g_detail.jpg,"호주 청정 오가닉 소고기 등심(250g)",26,17900,NULL,beef_au_organic_loin_250g_thumb.jpg,0,2,44
331,1,"2025-07-04 23:31:06.000000",,beef_au_organic_striploin_200g_detail.jpg,"호주 청정 오가닉 소고기 채끝(200g)",9,16900,NULL,beef_au_organic_striploin_200g_thumb.jpg,0,2,44
332,1,"2025-07-04 23:31:06.000000",,beef_au_organic_bulgogi_300g_detail.jpg,"호주 청정 오가닉 소고기 불고기(300g)",17,14500,NULL,beef_au_organic_bulgogi_300g_thumb.jpg,0,2,44
333,1,"2025-07-04 23:31:06.000000",,beef_au_organic_tenderloin_200g_detail.jpg,"호주 청정 오가닉 소고기 안심(200g)",6,29900,NULL,beef_au_organic_tenderloin_200g_thumb.jpg,0,2,44
334,1,"2025-07-04 23:31:06.000000",,beef_au_organic_ground_200g_detail.jpg,"호주 청정 오가닉 소고기 다짐육(200g)",9,12900,NULL,beef_au_organic_ground_200g_thumb.jpg,0,2,44
335,1,"2025-07-04 23:31:06.000000",,ham_johncook_bacon_100g_detail.jpg,"[존쿡델리미트] 팜프레시 전G 베이컨(100g)",7,5880,NULL,ham_johncook_bacon_100g_thumb.jpg,0,2,45
336,1,"2025-07-04 23:31:06.000000",,beef_nature_bulgogi_600g_detail.jpg,"자연별곡 궁중 소불고기(4인분,600g)",8,16300,NULL,beef_nature_bulgogi_600g_thumb.jpg,0,2,45
337,1,"2025-07-04 23:31:06.000000",,duck_premium_smoked_400g_detail.jpg,"자연공법 프리미엄 훈제오리(400g)",15,13500,NULL,duck_premium_smoked_400g_thumb.jpg,0,2,45
338,1,"2025-07-04 23:31:06.000000",,pork_chamsut_rib_500g_detail.jpg,"참숯 등갈비 (500g)",24,12900,NULL,pork_chamsut_rib_500g_thumb.jpg,0,2,47
339,1,"2025-07-04 23:31:06.000000",,pork_bbq_rib_500g_detail.jpg,"바베큐폭립 (500g)",25,11900,NULL,pork_bbq_rib_500g_thumb.jpg,0,2,47
340,1,"2025-07-04 23:31:06.000000",,duck_uhwang_smoked_400g_detail.jpg,"참맛다한 유황먹인 오리훈제(400g)",25,11800,NULL,duck_uhwang_smoked_400g_thumb.jpg,0,2,45
341,1,"2025-07-04 23:31:06.000000",,pork_original_rib_500g_detail.jpg,"오리지널 쪽갈비 (500g)",27,10900,NULL,pork_original_rib_500g_thumb.jpg,0,2,47
342,1,"2025-07-04 23:31:06.000000",,pork_yangnyeom_makchang_200g_detail.jpg,"[특가] 맛있는 숯불 양념 막창(200g/냉장)",29,6980,NULL,pork_yangnyeom_makchang_200g_thumb.jpg,0,2,47
343,1,"2025-07-04 23:31:06.000000",,pork_welfare_jeyuk_500g_detail.jpg,"동물복지 한돈 제육볶음(500g) l 하이포크",33,9900,NULL,pork_welfare_jeyuk_500g_thumb.jpg,0,2,47
344,1,"2025-07-04 23:31:06.000000",,chicken_salt_rib_400g_detail.jpg,"[특가] 동물복지 소금구이 닭갈비 (400g)",19,8900,NULL,chicken_salt_rib_400g_thumb.jpg,0,2,47
345,1,"2025-07-04 23:31:06.000000",,chicken_grilled_boneless_500g_detail.jpg,"구어조은닭 순살 치킨(500g/냉장)",28,7900,NULL,chicken_grilled_boneless_500g_thumb.jpg,0,2,47
